"Ownership","Loan Principal","Earnings 6yrs","Earnings 10yrs","Earnings ~20yrs"
"Private for-profit",18120.6666666667,37033.3333333333,44800,54374.91
"Private nonprofit",18093.4065934066,42449.8168498169,56110.2564102564,72951.13
"Public",15102.3341121495,40040.6542056075,51892.0560747664,66502.71
